subjectid,Year
ywsSnl,2024-2025
WF2zDd,2024-2025
AVQAV3,2024-2025
ChXIQE,2024-2025
9njfJR,2024-2025
zwWAyy,2024-2025
DkcybF,2024-2025
4zw0DO,2024-2025
olpEYy,2024-2025
9jukD9,2024-2025
QElY1e,2024-2025
mYI3W1,2024-2025
uhLE7P,2024-2025
JWFJdD,2024-2025
7oW98a,2024-2025
Nv34Od,2024-2025
DYOJyZ,2024-2025
tBKJyj,2024-2025
WoB3UG,2024-2025
R7IOSD,2024-2025
XpJhGr,2024-2025
EG8LWj,2024-2025
YW513B,2024-2025
EDEWtP,2024-2025
B1RRkw,2024-2025
4fIbID,2024-2025
1TF3H9,2024-2025
GR6pWI,2024-2025
5FdTAz,2024-2025
kUPjH0,2024-2025
RkzwMO,2024-2025
BHj9rH,2024-2025
B6ju5z,2024-2025
QPKs1S,2024-2025
52MCE2,2024-2025
uNzthJ,2024-2025
LtxLUe,2024-2025
UL2058,2024-2025
cc4Mur,2024-2025
46fj84,2024-2025
1e3j8l,2024-2025
3XeA64,2024-2025
obHWs2,2024-2025
XoUYK5,2024-2025
lgmeGb,2024-2025
4KxP86,2024-2025
p3juAg,2024-2025
yrcRhl,2024-2025
Y7u23q,2024-2025
ZCOnQ5,2024-2025
LA4bjr,2024-2025
x3BX3H,2024-2025
WekwE9,2024-2025
cL5U0l,2024-2025
jUleiG,2024-2025
emzHyS,2024-2025
vQtQiu,2024-2025
NqOPTt,2024-2025
OuDg2s,2024-2025
lkQZDf,2024-2025
w30KjT,2024-2025
lgAYMdeU,2024-2025
onRQQXIH,2024-2025
Zg3xvI,2024-2025
fcMg35,2024-2025
K1E8m2,2024-2025
V25QLT4f,2024-2025
EVhG6aHF,2024-2025
pv54XYs0,2024-2025
uT2p5Kxu,2024-2025
od8GVpsB,2024-2025
KGbWgG,2024-2025
U7staN,2024-2025
OurLAP,2024-2025
aWb5B4,2024-2025
9CHQKL,2024-2025
YyLeol,2024-2025
KRFF0w,2024-2025
skLjvwiT,2024-2025
xPZUwWmQ,2024-2025
fKsxuz,2024-2025
xZERPu,2024-2025
eC06dywT,2024-2025
65FZVx,2024-2025
x2GCd4,2024-2025
sFcoQxyJ,2024-2025
ooZSPZ,2024-2025
KHWkGA,2024-2025
raK5i3,2024-2025
mkSJjy,2024-2025
LSV8bI,2024-2025
ThQbFX,2025-2026
9usBnT,2025-2026
pYbZqx,2025-2026
4zPN8R,2025-2026
5szfEs,2025-2026
wCpBYv,2025-2026
fwe96v,2025-2026
fzgsNA,2025-2026
v2Kkb8,2025-2026
bhgd2X,2025-2026
HZFCzD,2025-2026
kG7Y5M,2025-2026
FXaRR3,2025-2026
BfscM8,2025-2026
vXm87u,2025-2026
fg4reg,2025-2026
9yzFQQ,2025-2026
TWVPqj,2025-2026
dz2REE,2025-2026
XxhvBz,2025-2026
VjY2BA,2025-2026
ECuaTV,2025-2026
6X37Nv,2025-2026
y6fTrk,2025-2026
yktTkS,2025-2026
y5tk3N,2025-2026
cnXgb2,2025-2026
eNSFpt,2025-2026
YrH8Pg,2025-2026
cdn5t3,2025-2026
ekwUtx,2025-2026
U5jUVr,2025-2026
e2yCyw,2025-2026
YAfvZQ,2025-2026
bvj9dk,2025-2026
abZCyt,2025-2026
p2K35h,2025-2026
V3EJt8,2025-2026
DrwD4V,2025-2026
TSUVQf,2025-2026
8ZapMM,2025-2026
DpEDvT,2025-2026
dczAC6,2025-2026
ndF3Qk,2025-2026
TeCqq9,2025-2026
6VasU9,2025-2026
27qTZY,2025-2026
BcGufE,2025-2026
mkbvhJ,2025-2026
95xyap,2025-2026
UrghCw,2025-2026
585dPD,2025-2026
6m9vuK,2025-2026
HMepuV,2025-2026
t4z8fx,2025-2026
Tfxtuc,2025-2026
G839ms,2025-2026
yDKkeH,2025-2026
9JS4rf,2025-2026
wQP4Rw,2025-2026
DnqxaP,2025-2026
CnjDSf,2025-2026
DjbHGY,2025-2026
EqkRDu,2025-2026
Dpd4qr,2025-2026
VE7CuF,2025-2026
2BRp8e,2025-2026
8w28YG,2025-2026
FdwMSA,2025-2026
F3PYdt,2025-2026
kPjb3e,2025-2026
EY5GTz,2025-2026
RRMb53,2025-2026
EWaC5J,2025-2026
y4sAPf,2025-2026
957H63,2025-2026
48p53b,2025-2026
2wDFfq,2025-2026
bDx2rX,2025-2026
t2ssnw,2025-2026
acrME7,2025-2026
SAws6H,2025-2026
KdS4cj,2025-2026
6aBPk4,2025-2026
zbSRj4,2025-2026
gxxTvD,2025-2026
rmpKCM,2025-2026
XaecKP,2025-2026
GJxEv8,2025-2026
WdtMYH,2025-2026
